https://raw.githubusercontent.com/kocohub/korean-hate-speech/f8d05dce2b22007bb149e5139c0060c68ad8f94b/labeled/dev.tsv	54903	232b615d6e359a9d31dfb8370f32e1733dc5bb3f9c5430d34d7fcc7ba4b7e8ef	dev.tsv
https://raw.githubusercontent.com/kocohub/korean-hate-speech/f8d05dce2b22007bb149e5139c0060c68ad8f94b/labeled/train.tsv	913546	ebebacdcd023af2c4acc8c0a37695fb6433ac04fc009feff8f222724e303a5a9	train.tsv
https://raw.githubusercontent.com/kocohub/korean-hate-speech/f8d05dce2b22007bb149e5139c0060c68ad8f94b/news_title/dev.news_title.txt	44175	5332b771458697677396a6bae8de0f590be9b4b8718592d6e1a92b6592b5d47f	dev.news_title.txt
https://raw.githubusercontent.com/kocohub/korean-hate-speech/f8d05dce2b22007bb149e5139c0060c68ad8f94b/news_title/test.news_title.txt	91110	5dc930ee17d4068b1b62f7f4fab1857504b9009b4f8a37adcebbf99003c52508	test.news_title.txt
https://raw.githubusercontent.com/kocohub/korean-hate-speech/f8d05dce2b22007bb149e5139c0060c68ad8f94b/news_title/train.news_title.txt	742357	80fcb349633ddf38062c17363f18e62b3e533640c2a31ba50468963ff5db1492	train.news_title.txt
https://raw.githubusercontent.com/kocohub/korean-hate-speech/f8d05dce2b22007bb149e5139c0060c68ad8f94b/news_title/unlabeled_comments.news_title_1.txt	44693697	26155f3335fa12be2d0a58a75962d09db32b4f1f254da26e9ae102ad7d29c64c	unlabeled_comments.news_title_1.txt
https://raw.githubusercontent.com/kocohub/korean-hate-speech/f8d05dce2b22007bb149e5139c0060c68ad8f94b/news_title/unlabeled_comments.news_title_2.txt	47394479	55bdc619e1031e002b78ab9777b05f3b23dc1c3e3b2c708d95619c33f0568ccc	unlabeled_comments.news_title_2.txt
https://raw.githubusercontent.com/kocohub/korean-hate-speech/f8d05dce2b22007bb149e5139c0060c68ad8f94b/news_title/unlabeled_comments.news_title_3.txt	48467896	78dac694322ea67fb9aac98952c3a3ab630ba8b5776033cefb2171437d029dc8	unlabeled_comments.news_title_3.txt
https://raw.githubusercontent.com/kocohub/korean-hate-speech/f8d05dce2b22007bb149e5139c0060c68ad8f94b/news_title/unlabeled_comments.news_title_4.txt	47932107	ff22172669b7d7f6ba98f61977bc9966da4e9c79345168e1682c2357a025c863	unlabeled_comments.news_title_4.txt
https://raw.githubusercontent.com/kocohub/korean-hate-speech/f8d05dce2b22007bb149e5139c0060c68ad8f94b/news_title/unlabeled_comments.news_title_5.txt	3300081	4ea67b9fa80fe8611dab77b14b814275812ee8df68fb99a5f8ffd8cc69cae846	unlabeled_comments.news_title_5.txt
https://raw.githubusercontent.com/kocohub/korean-hate-speech/f8d05dce2b22007bb149e5139c0060c68ad8f94b/test.no_label.tsv	96108	87190f1fe55db520bbcf3958943714ebc0366be508f6ce6a0fe456a8241a4e1a	test.no_label.tsv
https://raw.githubusercontent.com/kocohub/korean-hate-speech/f8d05dce2b22007bb149e5139c0060c68ad8f94b/unlabeled/unlabeled_comments_1.txt	57027899	23014b1147eebd52bfd9a5ce7c5710711809894e08e971198bdafc4f8a748b90	unlabeled_comments_1.txt
https://raw.githubusercontent.com/kocohub/korean-hate-speech/f8d05dce2b22007bb149e5139c0060c68ad8f94b/unlabeled/unlabeled_comments_2.txt	59334738	8bd4322293de23392567d6229e63b8e91c05b835da8a62742de838970a4199bd	unlabeled_comments_2.txt
https://raw.githubusercontent.com/kocohub/korean-hate-speech/f8d05dce2b22007bb149e5139c0060c68ad8f94b/unlabeled/unlabeled_comments_3.txt	58921899	8bd93191a1c637afc66ae83c7cdfddf499805c3168807037b065ef2237e926d5	unlabeled_comments_3.txt
https://raw.githubusercontent.com/kocohub/korean-hate-speech/f8d05dce2b22007bb149e5139c0060c68ad8f94b/unlabeled/unlabeled_comments_4.txt	58217344	2d947356edf36121b4a21e917898c746fa2af9a841e65de0c714b1da5dd8cb5b	unlabeled_comments_4.txt
https://raw.githubusercontent.com/kocohub/korean-hate-speech/f8d05dce2b22007bb149e5139c0060c68ad8f94b/unlabeled/unlabeled_comments_5.txt	3569176	e224a1d545c2729d8f9828429af0f6ee34cd9a4ac5861c7a12d4f32b9a9ed641	unlabeled_comments_5.txt
