https://raw.githubusercontent.com/theeluwin/sci-news-sum-kr-50/aca0583651503c1cdfa8ef0bc2ef0976250a33ca/data/01.json	3426	0bdd785803b1e9df99786286bcc4689ebac666bf05845719ae9145b2156e6019	01.json
https://raw.githubusercontent.com/theeluwin/sci-news-sum-kr-50/aca0583651503c1cdfa8ef0bc2ef0976250a33ca/data/02.json	1427	165ad39ab8c4a3c4fbc46a3cb1c2fd30b9469a4778463dc3ff3d9e1c5bc731f8	02.json
https://raw.githubusercontent.com/theeluwin/sci-news-sum-kr-50/aca0583651503c1cdfa8ef0bc2ef0976250a33ca/data/03.json	3058	c49be5e4a76771d7ecb0c473532fd95c139a25e54f150a96358819f52698112a	03.json
https://raw.githubusercontent.com/theeluwin/sci-news-sum-kr-50/aca0583651503c1cdfa8ef0bc2ef0976250a33ca/data/04.json	5659	dfef99b38eb872bd5518fb6c28358f1424371ff98c61ad40be212124d35f8fec	04.json
https://raw.githubusercontent.com/theeluwin/sci-news-sum-kr-50/aca0583651503c1cdfa8ef0bc2ef0976250a33ca/data/05.json	2549	ba5acc169abecc2f62926f3c59faf7d4e7d1d2766ab2b62565500d4eaa999f15	05.json
https://raw.githubusercontent.com/theeluwin/sci-news-sum-kr-50/aca0583651503c1cdfa8ef0bc2ef0976250a33ca/data/06.json	1778	5e51c09577dc521400082be0a19de737bc1848a28372f1dd1d6e3eb34a866d8e	06.json
https://raw.githubusercontent.com/theeluwin/sci-news-sum-kr-50/aca0583651503c1cdfa8ef0bc2ef0976250a33ca/data/07.json	2483	d04a4ce09e5c8d84ed5d80be30011250c82da399c8ee1c742be6dbd25ebee858	07.json
https://raw.githubusercontent.com/theeluwin/sci-news-sum-kr-50/aca0583651503c1cdfa8ef0bc2ef0976250a33ca/data/08.json	3007	e1adf6e97b04783b287872f35a81debafd8e300f587f5be5188c239ab4b91b28	08.json
https://raw.githubusercontent.com/theeluwin/sci-news-sum-kr-50/aca0583651503c1cdfa8ef0bc2ef0976250a33ca/data/09.json	7932	195552852ba8f8de79831a68a260c9ff1323ed7327adc2602fe9d5150564296e	09.json
https://raw.githubusercontent.com/theeluwin/sci-news-sum-kr-50/aca0583651503c1cdfa8ef0bc2ef0976250a33ca/data/10.json	3418	5569d84828f04c295a43086c301f75b39d78d125a0c0be5347e0b3394f5632c4	10.json
https://raw.githubusercontent.com/theeluwin/sci-news-sum-kr-50/aca0583651503c1cdfa8ef0bc2ef0976250a33ca/data/11.json	5603	f4644e1e1859f29cebdf87ba978ffb00ae3453f60c54919da213a4a6ad5e7185	11.json
https://raw.githubusercontent.com/theeluwin/sci-news-sum-kr-50/aca0583651503c1cdfa8ef0bc2ef0976250a33ca/data/12.json	1474	d7780efdc250769f09510368dbac49e4f64e6b7873ed499936760c1abba1c62c	12.json
https://raw.githubusercontent.com/theeluwin/sci-news-sum-kr-50/aca0583651503c1cdfa8ef0bc2ef0976250a33ca/data/13.json	2883	4861b02e390b7d1f01727bf0df9f35f558c5aeba610dda1afbbdaf5ad4d47703	13.json
https://raw.githubusercontent.com/theeluwin/sci-news-sum-kr-50/aca0583651503c1cdfa8ef0bc2ef0976250a33ca/data/14.json	1805	6f96e5860471442a7187d770a5879efdea269342a76a49f3b8974cbc4a1ddd6c	14.json
https://raw.githubusercontent.com/theeluwin/sci-news-sum-kr-50/aca0583651503c1cdfa8ef0bc2ef0976250a33ca/data/15.json	1830	93592b46b9adf732242dd72e5c1da61e6459e04fa94b0df11ff48c43dded3f5f	15.json
https://raw.githubusercontent.com/theeluwin/sci-news-sum-kr-50/aca0583651503c1cdfa8ef0bc2ef0976250a33ca/data/16.json	1820	1738759ec11caa8fbb337d6174b48d28fc98a928fb9b23d342c6e265abe69eff	16.json
https://raw.githubusercontent.com/theeluwin/sci-news-sum-kr-50/aca0583651503c1cdfa8ef0bc2ef0976250a33ca/data/17.json	5246	624fc4f2804c9d03b35b2ec9c158a37302c6816c15299267acd7f69d8a8a00c1	17.json
https://raw.githubusercontent.com/theeluwin/sci-news-sum-kr-50/aca0583651503c1cdfa8ef0bc2ef0976250a33ca/data/18.json	2633	afb8e91ca0cf9c26df15257bccfc89cb0fdf9fea6a5d3a0e723dd7c609496d3c	18.json
https://raw.githubusercontent.com/theeluwin/sci-news-sum-kr-50/aca0583651503c1cdfa8ef0bc2ef0976250a33ca/data/19.json	2481	7daa629ad2a5956f76205d65e3e6a2b2095b14e35bbbe281785ef8827ddf1dbb	19.json
https://raw.githubusercontent.com/theeluwin/sci-news-sum-kr-50/aca0583651503c1cdfa8ef0bc2ef0976250a33ca/data/20.json	5642	d03e49845fe3b45e4a15df947480843f13642b266ac2e55604d5c729ad3e3d1c	20.json
https://raw.githubusercontent.com/theeluwin/sci-news-sum-kr-50/aca0583651503c1cdfa8ef0bc2ef0976250a33ca/data/21.json	2625	4da71417d50c782ebd458a71055a6e53af3bd0312fb6b85c23c716383344592e	21.json
https://raw.githubusercontent.com/theeluwin/sci-news-sum-kr-50/aca0583651503c1cdfa8ef0bc2ef0976250a33ca/data/22.json	1329	92f561e8acf708de5625ebebd6394db77185d222faab4394acb91444af65c3da	22.json
https://raw.githubusercontent.com/theeluwin/sci-news-sum-kr-50/aca0583651503c1cdfa8ef0bc2ef0976250a33ca/data/23.json	4739	7b0a425899a714b8d17425387dd559fac2df1679bce193e8d2ae72ca6504ceaa	23.json
https://raw.githubusercontent.com/theeluwin/sci-news-sum-kr-50/aca0583651503c1cdfa8ef0bc2ef0976250a33ca/data/24.json	3107	45e96d685ec795d4a6f6e9fe809951590afdce7f84a4044db79243f5e014317a	24.json
https://raw.githubusercontent.com/theeluwin/sci-news-sum-kr-50/aca0583651503c1cdfa8ef0bc2ef0976250a33ca/data/25.json	4107	658fcc9f7b2b3070e3d9f9b3571042dbb8ba89c7d1b23686e55f4ea9a1cdcad0	25.json
https://raw.githubusercontent.com/theeluwin/sci-news-sum-kr-50/aca0583651503c1cdfa8ef0bc2ef0976250a33ca/data/26.json	1601	9d40123bdee834f9bebc90df97afafbb433b4a233311aba69139e2f090ef318e	26.json
https://raw.githubusercontent.com/theeluwin/sci-news-sum-kr-50/aca0583651503c1cdfa8ef0bc2ef0976250a33ca/data/27.json	1672	e2fccf82ac5e78a6756155506eb2cbcd7e7fc295c46219deabca8503126a324d	27.json
https://raw.githubusercontent.com/theeluwin/sci-news-sum-kr-50/aca0583651503c1cdfa8ef0bc2ef0976250a33ca/data/28.json	1499	c1a103e70ee52a54eae96ef0acf44b16179d3b0f6fbc0c7859dcc0a4b1d40696	28.json
https://raw.githubusercontent.com/theeluwin/sci-news-sum-kr-50/aca0583651503c1cdfa8ef0bc2ef0976250a33ca/data/29.json	2978	d793cb30d51807e8b326423c08adaa1b99752826f75f3738d111afc5eb494709	29.json
https://raw.githubusercontent.com/theeluwin/sci-news-sum-kr-50/aca0583651503c1cdfa8ef0bc2ef0976250a33ca/data/30.json	4939	5f88c417e87b05a14e7ccddb461b9c5efb3b540e699d8ba77086592f4f277acc	30.json
https://raw.githubusercontent.com/theeluwin/sci-news-sum-kr-50/aca0583651503c1cdfa8ef0bc2ef0976250a33ca/data/31.json	2995	5aaa43de54dfb3eb70afd92dd699bbd28bae41817ddbb1805cfd1a46780d78d5	31.json
https://raw.githubusercontent.com/theeluwin/sci-news-sum-kr-50/aca0583651503c1cdfa8ef0bc2ef0976250a33ca/data/32.json	3752	fcd28b4088176542fd0bd060a3c3b087c91b61e2d47512fa62972bb6c57082e8	32.json
https://raw.githubusercontent.com/theeluwin/sci-news-sum-kr-50/aca0583651503c1cdfa8ef0bc2ef0976250a33ca/data/33.json	4630	56a6e8e3c3e14768373458c59e8aa5728d6927ef64952a33acb99cdd0d54a4d8	33.json
https://raw.githubusercontent.com/theeluwin/sci-news-sum-kr-50/aca0583651503c1cdfa8ef0bc2ef0976250a33ca/data/34.json	1099	92e395cc1e45e07b08e8f9953b853f1404a06944f2add23569f771a1f08f869f	34.json
https://raw.githubusercontent.com/theeluwin/sci-news-sum-kr-50/aca0583651503c1cdfa8ef0bc2ef0976250a33ca/data/35.json	2546	c53d32c21dc14be65b116cc28de168cebce743cf95c58423612bc75cf72af870	35.json
https://raw.githubusercontent.com/theeluwin/sci-news-sum-kr-50/aca0583651503c1cdfa8ef0bc2ef0976250a33ca/data/36.json	6216	a816b2f539d876180f918585dcfc67e25b8bcda94325b675467b6b25286e8ffd	36.json
https://raw.githubusercontent.com/theeluwin/sci-news-sum-kr-50/aca0583651503c1cdfa8ef0bc2ef0976250a33ca/data/37.json	3262	5300a800219ef85448115ad43c96f85c63893991d6ed0b7ff4ef3abac32604d9	37.json
https://raw.githubusercontent.com/theeluwin/sci-news-sum-kr-50/aca0583651503c1cdfa8ef0bc2ef0976250a33ca/data/38.json	2299	83985d768227e90354bdc5ea263a108e1d81a797184ffd8c099cd531ebf9867c	38.json
https://raw.githubusercontent.com/theeluwin/sci-news-sum-kr-50/aca0583651503c1cdfa8ef0bc2ef0976250a33ca/data/39.json	3520	7393013f9cbb23e94099109d8e204454500fe5a6d4662e96fc739509be72a9c3	39.json
https://raw.githubusercontent.com/theeluwin/sci-news-sum-kr-50/aca0583651503c1cdfa8ef0bc2ef0976250a33ca/data/40.json	3142	58c0e043285d712eff024e816087805e961b1ca849b2c44a854e89b5033811f3	40.json
https://raw.githubusercontent.com/theeluwin/sci-news-sum-kr-50/aca0583651503c1cdfa8ef0bc2ef0976250a33ca/data/41.json	2360	941a51f627ee38fef2d30c93d68966487047fffebdc93ae0a71519cd825a989f	41.json
https://raw.githubusercontent.com/theeluwin/sci-news-sum-kr-50/aca0583651503c1cdfa8ef0bc2ef0976250a33ca/data/42.json	3203	c3043db851e767ab119ccaadd8060450e6f22bb72dc4cfa2c88426346a2280b2	42.json
https://raw.githubusercontent.com/theeluwin/sci-news-sum-kr-50/aca0583651503c1cdfa8ef0bc2ef0976250a33ca/data/43.json	2122	97ce09e80fb45fbaa0632d1ba96954ed0ba5645f1d76e2df0a060e9647fd3028	43.json
https://raw.githubusercontent.com/theeluwin/sci-news-sum-kr-50/aca0583651503c1cdfa8ef0bc2ef0976250a33ca/data/44.json	6572	6c603f03137687bdc36c6d243b58882119b63ee48523e3e68cd2153ce5b3fd3e	44.json
https://raw.githubusercontent.com/theeluwin/sci-news-sum-kr-50/aca0583651503c1cdfa8ef0bc2ef0976250a33ca/data/45.json	4009	106a238d9d6f30a7f4ec63d6522a52817bf6c67dd4b6000483b64c297d664a71	45.json
https://raw.githubusercontent.com/theeluwin/sci-news-sum-kr-50/aca0583651503c1cdfa8ef0bc2ef0976250a33ca/data/46.json	1383	560038acd1680f44a708ca380f0205e0c120507de7556463de429547e6973fbc	46.json
https://raw.githubusercontent.com/theeluwin/sci-news-sum-kr-50/aca0583651503c1cdfa8ef0bc2ef0976250a33ca/data/47.json	3776	d50a81cccfacffb2bf6cab94198465677ec548ed058262473512dcaebb20d420	47.json
https://raw.githubusercontent.com/theeluwin/sci-news-sum-kr-50/aca0583651503c1cdfa8ef0bc2ef0976250a33ca/data/48.json	2537	33a9d84976c30e0af536a4dfd05fa74c17bcd8cbce0b40119f09c586cd5d1ae7	48.json
https://raw.githubusercontent.com/theeluwin/sci-news-sum-kr-50/aca0583651503c1cdfa8ef0bc2ef0976250a33ca/data/49.json	5593	a14f36230fad07be895fe6ab9d73b5755bd86607541d3bd4a0fc5acf3889aaba	49.json
https://raw.githubusercontent.com/theeluwin/sci-news-sum-kr-50/aca0583651503c1cdfa8ef0bc2ef0976250a33ca/data/50.json	3959	6194cc55adfbc5ab2accd0839dd7f62f342f28cac3c60b3561d976f624609874	50.json
